chembl_id,compound_name,family,smiles,n_activities_total,n_censored,mw_freebase,alogp,psa,hba,hbd,aromatic_rings,rtb,num_ro5_violations,heavy_atoms,cluster,cluster_label
CHEMBL100476,CID_745,Organophosphates,NC(CCC(=O)NC(CS)C(=O)NCC(=O)O)C(=O)O,2,2,307.33,-2.21,158.82,6,6,0,9,1,20,1,"Partición exploratoria — no corresponde a familias (ARI=0.008, silhouette=0.36)"
CHEMBL101,CID_4781,Herbicides,CCCCC1C(=O)N(c2ccccc2)N(c2ccccc2)C1=O,297,117,308.38,3.79,40.62,2,0,2,5,0,23,1,"Partición exploratoria — no corresponde a familias (ARI=0.008, silhouette=0.36)"
CHEMBL103009,CID_4965,Herbicides,COc1ccc(C(=O)CBr)cc1,3,1,229.07,2.27,26.3,2,0,1,3,0,12,0,"Partición exploratoria — no corresponde a familias (ARI=0.008, silhouette=0.36)"
CHEMBL1046,CID_564,Organophosphates,NCCCCCC(=O)O,128,101,131.18,0.59,63.32,2,2,0,5,0,9,0,"Partición exploratoria — no corresponde a familias (ARI=0.008, silhouette=0.36)"
CHEMBL104943,CID_700,Pyrethroids,NCCO,16,11,61.08,-1.06,46.25,2,2,0,1,0,4,0,"Partición exploratoria — no corresponde a familias (ARI=0.008, silhouette=0.36)"
CHEMBL113,CID_2519,Herbicides,Cn1c(=O)c2c(ncn2C)n(C)c1=O,306,141,194.19,-1.03,61.82,6,0,2,0,0,14,0,"Partición exploratoria — no corresponde a familias (ARI=0.008, silhouette=0.36)"
CHEMBL1157,CID_196,Azole_fungicides,O=C(O)CCCCC(=O)O,18,5,146.14,0.72,74.6,2,2,0,5,0,10,0,"Partición exploratoria — no corresponde a familias (ARI=0.008, silhouette=0.36)"
CHEMBL1160571,CID_1023,Pyrethroids,O=P(O)(O)OP(=O)(O)O,22,5,177.97,-0.81,124.29,3,4,0,2,0,9,0,"Partición exploratoria — no corresponde a familias (ARI=0.008, silhouette=0.36)"
CHEMBL1160819,CID_222,Organophosphates,N,2,0,17.03,0.16,35.0,1,1,0,0,0,1,0,"Partición exploratoria — no corresponde a familias (ARI=0.008, silhouette=0.36)"
CHEMBL1161632,CID_767,Pyrethroids,O=C(O)O,47,0,62.02,0.22,57.53,1,2,0,0,0,4,0,"Partición exploratoria — no corresponde a familias (ARI=0.008, silhouette=0.36)"
CHEMBL1161998,CID_668,Organophosphates,O=C(CO)COP(=O)(O)O,30,0,170.06,-1.34,104.06,4,3,0,4,0,10,1,"Partición exploratoria — no corresponde a familias (ARI=0.008, silhouette=0.36)"
CHEMBL116455,CID_1133,Herbicides,O=C(O)CS,57,56,92.12,0.0,37.3,2,2,0,1,0,5,0,"Partición exploratoria — no corresponde a familias (ARI=0.008, silhouette=0.36)"
CHEMBL116736,CID_284,Carbamates,O=CO,3,0,46.03,-0.3,37.3,1,1,0,0,0,3,0,"Partición exploratoria — no corresponde a familias (ARI=0.008, silhouette=0.36)"
CHEMBL1187,CID_1004,Pyrethroids,O=P(O)(O)O,12,5,97.99,-0.93,77.76,1,3,0,0,0,5,0,"Partición exploratoria — no corresponde a familias (ARI=0.008, silhouette=0.36)"
CHEMBL11909,CID_191,Triazines,Nc1ncnc2c1ncn2C1OC(CO)C(O)C1O,146,131,267.25,-1.98,139.54,9,4,2,2,0,19,1,"Partición exploratoria — no corresponde a familias (ARI=0.008, silhouette=0.36)"
CHEMBL1191361,CID_787,Pyrethroids,NO,15,9,33.03,-0.67,46.25,2,2,0,0,0,2,0,"Partición exploratoria — no corresponde a familias (ARI=0.008, silhouette=0.36)"
CHEMBL12,CID_3016,Herbicides,CN1C(=O)CN=C(c2ccccc2)c2cc(Cl)ccc21,570,142,284.75,3.15,32.67,2,0,2,1,0,20,0,"Partición exploratoria — no corresponde a familias (ARI=0.008, silhouette=0.36)"
CHEMBL1200468,Malathion,Organophosphates,CCOC(=O)CC(SP(=S)(OC)OC)C(=O)OCC,81,55,330.36,2.12,71.06,8,0,0,9,0,19,1,"Partición exploratoria — no corresponde a familias (ARI=0.008, silhouette=0.36)"
CHEMBL1200739,CID_402,Carbamates,S,24,0,34.08,0.11,0.0,0,0,0,0,0,1,0,"Partición exploratoria — no corresponde a familias (ARI=0.008, silhouette=0.36)"
CHEMBL1200921,CID_727,Pyrethroids,ClC1C(Cl)C(Cl)C(Cl)C(Cl)C1Cl,9,5,290.83,3.64,0.0,0,0,0,0,0,12,0,"Partición exploratoria — no corresponde a familias (ARI=0.008, silhouette=0.36)"
CHEMBL1201220,CID_2140,Herbicides,CC(=O)Nc1c(I)c(NC(C)=O)c(I)c(C(=O)O)c1I,73,73,613.91,3.12,95.5,3,3,1,3,1,20,1,"Partición exploratoria — no corresponde a familias (ARI=0.008, silhouette=0.36)"
CHEMBL1213475,CID_825,Organophosphates,O=C(O)C1CC(O)CN1,61,61,131.13,-1.21,69.56,3,3,0,1,0,9,0,"Partición exploratoria — no corresponde a familias (ARI=0.008, silhouette=0.36)"
CHEMBL1222498,CID_4933,Herbicides,CCC(=O)Nc1ccc(Cl)c(Cl)c1,25,10,218.08,3.34,29.1,1,1,1,2,0,13,0,"Partición exploratoria — no corresponde a familias (ARI=0.008, silhouette=0.36)"
CHEMBL1230762,CID_96,Carbamates,CC(=O)CC(=O)O,3,0,102.09,0.05,54.37,2,1,0,2,0,7,0,"Partición exploratoria — no corresponde a familias (ARI=0.008, silhouette=0.36)"
CHEMBL1231178,CID_255,Organophosphates,O=[N+]([O-])c1ccc(OP(=O)(O)Oc2ccc([N+](=O)[O-])cc2)cc1,15,3,340.18,3.06,142.04,7,1,2,6,0,23,1,"Partición exploratoria — no corresponde a familias (ARI=0.008, silhouette=0.36)"
CHEMBL1231461,CID_260,Pyrethroids,Br,29,0,80.91,0.58,0.0,0,0,0,0,0,1,0,"Partición exploratoria — no corresponde a familias (ARI=0.008, silhouette=0.36)"
CHEMBL1231821,CID_313,Organophosphates,Cl,27,1,36.46,0.42,0.0,0,0,0,0,0,1,0,"Partición exploratoria — no corresponde a familias (ARI=0.008, silhouette=0.36)"
CHEMBL1232274,CID_673,Organophosphates,CN(C)CC(=O)O,2,2,103.12,-0.37,40.54,2,1,0,2,0,7,0,"Partición exploratoria — no corresponde a familias (ARI=0.008, silhouette=0.36)"
CHEMBL1232328,CID_655,Organophosphates,CCOP(O)(=S)OCC,2,2,170.17,1.28,38.69,3,1,0,4,0,9,0,"Partición exploratoria — no corresponde a familias (ARI=0.008, silhouette=0.36)"
CHEMBL1233,CID_2576,Herbicides,CCCC(C)(COC(N)=O)COC(=O)NC(C)C,156,126,260.33,2.02,90.65,4,2,0,7,0,18,1,"Partición exploratoria — no corresponde a familias (ARI=0.008, silhouette=0.36)"
CHEMBL125278,CID_277,Organophosphates,NC(=O)O,1,0,61.04,-0.38,63.32,1,2,0,0,0,4,0,"Partición exploratoria — no corresponde a familias (ARI=0.008, silhouette=0.36)"
CHEMBL1255,CID_712,Pyrethroids,C=O,6,0,30.03,-0.18,17.07,1,0,0,0,0,2,0,"Partición exploratoria — no corresponde a familias (ARI=0.008, silhouette=0.36)"
CHEMBL1261,CID_311,Azole_fungicides,O=C(O)CC(O)(CC(=O)O)C(=O)O,79,45,192.12,-1.25,132.13,4,4,0,5,0,13,1,"Partición exploratoria — no corresponde a familias (ARI=0.008, silhouette=0.36)"
CHEMBL1356279,CID_4610,Herbicides,NC1CCCCC1N,3,2,114.19,0.21,52.04,2,2,0,0,0,8,0,"Partición exploratoria — no corresponde a familias (ARI=0.008, silhouette=0.36)"
CHEMBL13766,CID_460,Carbamates,COc1ccccc1O,54,19,124.14,1.4,29.46,2,1,1,1,0,9,0,"Partición exploratoria — no corresponde a familias (ARI=0.008, silhouette=0.36)"
CHEMBL14060,CID_996,Pyrethroids,Oc1ccccc1,106,55,94.11,1.39,20.23,1,1,1,0,0,7,0,"Partición exploratoria — no corresponde a familias (ARI=0.008, silhouette=0.36)"
CHEMBL14090,CID_300,Azole_fungicides,O=C(O)CCl,4,2,94.5,0.31,37.3,1,1,0,1,0,5,0,"Partición exploratoria — no corresponde a familias (ARI=0.008, silhouette=0.36)"
CHEMBL14173,CID_227,Organophosphates,Nc1ccccc1C(=O)O,16,9,137.14,0.97,63.32,2,2,1,1,0,10,0,"Partición exploratoria — no corresponde a familias (ARI=0.008, silhouette=0.36)"
CHEMBL14193,CID_126,Triazines,O=Cc1ccc(O)cc1,69,25,122.12,1.2,37.3,2,1,1,1,0,9,0,"Partición exploratoria — no corresponde a familias (ARI=0.008, silhouette=0.36)"
CHEMBL14227,CID_264,Carbamates,CCCC(=O)O,39,12,88.11,0.87,37.3,1,1,0,2,0,6,0,"Partición exploratoria — no corresponde a familias (ARI=0.008, silhouette=0.36)"
CHEMBL14245,CID_263,Azole_fungicides,CCCCO,11,2,74.12,0.78,20.23,1,1,0,2,0,5,0,"Partición exploratoria — no corresponde a familias (ARI=0.008, silhouette=0.36)"
CHEMBL14253,CID_180,Triazines,CC(C)=O,10,3,58.08,0.6,17.07,1,0,0,0,0,4,0,"Partición exploratoria — no corresponde a familias (ARI=0.008, silhouette=0.36)"
CHEMBL1432,CID_19,Triazines,O=C(O)c1cccc(O)c1O,27,6,154.12,0.8,77.76,3,3,1,1,0,11,0,"Partición exploratoria — no corresponde a familias (ARI=0.008, silhouette=0.36)"
CHEMBL14343,CID_229,Organophosphates,OC1COC(O)C(O)C1O,5,3,150.13,-2.58,90.15,5,4,0,0,0,10,0,"Partición exploratoria — no corresponde a familias (ARI=0.008, silhouette=0.36)"
CHEMBL144103,CID_61,Triazines,O=C(O)C(COP(=O)(O)O)OP(=O)(O)O,3,0,266.04,-1.34,170.82,5,5,0,6,0,15,1,"Partición exploratoria — no corresponde a familias (ARI=0.008, silhouette=0.36)"
CHEMBL146554,CID_49,Triazines,CC(C)C(=O)C(=O)O,1,0,116.12,0.3,54.37,2,1,0,2,0,8,0,"Partición exploratoria — no corresponde a familias (ARI=0.008, silhouette=0.36)"
CHEMBL14687,CID_1031,Pyrethroids,CCCO,5,0,60.1,0.39,20.23,1,1,0,1,0,4,0,"Partición exploratoria — no corresponde a familias (ARI=0.008, silhouette=0.36)"
CHEMBL14688,CID_887,Pyrethroids,CO,7,1,32.04,-0.39,20.23,1,1,0,0,0,2,0,"Partición exploratoria — no corresponde a familias (ARI=0.008, silhouette=0.36)"
CHEMBL15063,Atrazine,Triazines,CCNc1nc(Cl)nc(NC(C)C)n1,34,14,215.69,1.78,62.73,5,2,1,4,0,14,1,"Partición exploratoria — no corresponde a familias (ARI=0.008, silhouette=0.36)"
CHEMBL15088,CID_1065,Pyrethroids,C=CC1CN2CCC1CC2C(O)c1ccnc2ccc(OC)cc12,18,18,324.42,3.17,45.59,4,1,2,4,0,24,1,"Partición exploratoria — no corresponde a familias (ARI=0.008, silhouette=0.36)"
CHEMBL1517425,CID_1988,Herbicides,CCOCN(C(=O)CCl)c1c(C)cccc1CC,84,44,269.77,3.12,29.54,2,0,1,6,0,18,1,"Partición exploratoria — no corresponde a familias (ARI=0.008, silhouette=0.36)"
CHEMBL1527083,CID_253,Azole_fungicides,O=C(O)CCCCC1SCC2NC(=O)NC21,1,0,244.32,0.8,78.43,3,3,0,5,0,16,1,"Partición exploratoria — no corresponde a familias (ARI=0.008, silhouette=0.36)"
CHEMBL1547,CID_1130,Pyrethroids,Cc1ncc(C[n+]2csc(CCO)c2C)c(N)n1,51,34,265.36,0.61,75.91,5,2,2,4,0,18,1,"Partición exploratoria — no corresponde a familias (ARI=0.008, silhouette=0.36)"
CHEMBL1565192,CID_66,Azole_fungicides,Oc1cc(Cl)ccc1Cl,11,4,163.0,2.7,20.23,1,1,1,0,0,9,0,"Partición exploratoria — no corresponde a familias (ARI=0.008, silhouette=0.36)"
CHEMBL1569524,Dimethoate,Organophosphates,CNC(=O)CSP(=S)(OC)OC,26,10,229.26,0.98,47.56,5,1,0,5,0,12,1,"Partición exploratoria — no corresponde a familias (ARI=0.008, silhouette=0.36)"
CHEMBL15768,CID_2537,Herbicides,CC12CCC(CC1=O)C2(C)C,61,27,152.24,2.4,17.07,1,0,0,0,0,11,0,"Partición exploratoria — no corresponde a familias (ARI=0.008, silhouette=0.36)"
CHEMBL1593566,Deltamethrin,Pyrethroids,CC1(C)[C@H](C(=O)O[C@H](C#N)c2cccc(Oc3ccccc3)c2)[C@@H]1C=C(Br)Br,36,13,505.21,6.49,59.32,4,0,2,6,2,28,1,"Partición exploratoria — no corresponde a familias (ARI=0.008, silhouette=0.36)"
CHEMBL15972,CID_240,Herbicides,O=Cc1ccccc1,19,7,106.12,1.5,17.07,1,0,1,1,0,8,0,"Partición exploratoria — no corresponde a familias (ARI=0.008, silhouette=0.36)"
CHEMBL1605837,Simazine,Triazines,CCNc1nc(Cl)nc(NCC)n1,13,7,201.66,1.39,62.73,5,2,1,4,0,13,1,"Partición exploratoria — no corresponde a familias (ARI=0.008, silhouette=0.36)"
CHEMBL16081,CID_178,Azole_fungicides,CC(N)=O,18,10,59.07,-0.51,43.09,1,1,0,0,0,4,0,"Partición exploratoria — no corresponde a familias (ARI=0.008, silhouette=0.36)"
CHEMBL1620698,CID_85,Triazines,C[N+](C)(C)CC(O)CC(=O)O,2,0,162.21,-0.47,57.53,2,2,0,4,0,11,0,"Partición exploratoria — no corresponde a familias (ARI=0.008, silhouette=0.36)"
CHEMBL162789,CID_144,Azole_fungicides,NC(Cc1c[nH]c2ccc(O)cc12)C(=O)O,6,4,220.23,0.83,99.34,3,4,2,3,0,16,1,"Partición exploratoria — no corresponde a familias (ARI=0.008, silhouette=0.36)"
CHEMBL16720,CID_224,Organophosphates,Nc1ncnc2c1ncn2C1OC(COP(=O)(O)O)C(O)C1O,2,2,347.22,-1.86,186.07,10,5,2,4,0,23,1,"Partición exploratoria — no corresponde a familias (ARI=0.008, silhouette=0.36)"
CHEMBL1686,CID_51,Triazines,O=C(O)CCC(=O)C(=O)O,84,65,146.1,-0.5,91.67,3,2,0,4,0,10,0,"Partición exploratoria — no corresponde a familias (ARI=0.008, silhouette=0.36)"
CHEMBL170365,CID_177,Carbamates,CC=O,3,1,44.05,0.21,17.07,1,0,0,0,0,3,0,"Partición exploratoria — no corresponde a familias (ARI=0.008, silhouette=0.36)"
CHEMBL171246,CID_58,Triazines,CCC(=O)C(=O)O,1,0,102.09,0.05,54.37,2,1,0,2,0,7,0,"Partición exploratoria — no corresponde a familias (ARI=0.008, silhouette=0.36)"
CHEMBL172513,CID_288,Azole_fungicides,C[N+](C)(C)CC(O)CC(=O)[O-],6,3,161.2,-1.81,60.36,3,1,0,4,0,11,0,"Partición exploratoria — no corresponde a familias (ARI=0.008, silhouette=0.36)"
CHEMBL1772,CID_127,Triazines,O=C(O)Cc1ccc(O)cc1,14,2,152.15,1.02,57.53,2,2,1,2,0,11,0,"Partición exploratoria — no corresponde a familias (ARI=0.008, silhouette=0.36)"
CHEMBL1794676,CID_45,Triazines,O=C(O)C(O)C(=O)O,1,0,120.06,-1.48,94.83,3,3,0,2,0,8,0,"Partición exploratoria — no corresponde a familias (ARI=0.008, silhouette=0.36)"
CHEMBL180002,CID_106,Carbamates,NC(COP(=O)(O)O)C(=O)O,2,2,185.07,-1.49,130.08,4,4,0,4,0,11,1,"Partición exploratoria — no corresponde a familias (ARI=0.008, silhouette=0.36)"
CHEMBL1880349,CID_40,Triazines,OCC1OC(O)CC(O)C1O,5,5,164.16,-2.19,90.15,5,4,0,1,0,11,0,"Partición exploratoria — no corresponde a familias (ARI=0.008, silhouette=0.36)"
CHEMBL1894994,CID_3289,Herbicides,CCCSP(=O)(OCC)SCCC,8,8,242.35,4.42,26.3,4,0,0,8,0,13,1,"Partición exploratoria — no corresponde a familias (ARI=0.008, silhouette=0.36)"
CHEMBL191244,CID_34,Herbicides,OCCCl,1,0,80.51,0.22,20.23,1,1,0,1,0,4,0,"Partición exploratoria — no corresponde a familias (ARI=0.008, silhouette=0.36)"
CHEMBL2133249,CID_1982,Pyrethroids,COP(=O)(NC(C)=O)SC,4,2,183.17,1.24,55.4,4,1,0,3,0,10,0,"Partición exploratoria — no corresponde a familias (ARI=0.008, silhouette=0.36)"
CHEMBL2251732,Lambda-cyhalothrin,Pyrethroids,CC1(C)[C@H](/C=C(\Cl)C(F)(F)F)[C@@H]1C(=O)O[C@@H](C#N)c1cccc(Oc2ccccc2)c1,3,0,449.86,6.54,59.32,4,0,2,6,1,31,1,"Partición exploratoria — no corresponde a familias (ARI=0.008, silhouette=0.36)"
CHEMBL24231,CID_378,Organophosphates,O=[N+]([O-])c1ccc(OP(=O)(O)O)cc1,6,0,219.09,1.07,109.9,4,2,1,3,0,14,1,"Partición exploratoria — no corresponde a familias (ARI=0.008, silhouette=0.36)"
CHEMBL2447922,CID_504,Organophosphates,O=C1CN=CN1,1,0,84.08,-0.86,41.46,2,1,0,0,0,6,0,"Partición exploratoria — no corresponde a familias (ARI=0.008, silhouette=0.36)"
CHEMBL2448182,CID_2680,Herbicides,NCC1CCC(C(=O)Oc2ccc(CCC(=O)O)cc2)CC1,3,3,305.37,2.37,89.62,4,2,1,6,0,22,1,"Partición exploratoria — no corresponde a familias (ARI=0.008, silhouette=0.36)"
CHEMBL266158,CID_1049,Herbicides,c1ccncc1,12,0,79.1,1.08,12.89,1,0,1,0,0,6,0,"Partición exploratoria — no corresponde a familias (ARI=0.008, silhouette=0.36)"
CHEMBL266160,CID_713,Organophosphates,NC=O,1,0,45.04,-0.9,43.09,1,1,0,0,0,3,0,"Partición exploratoria — no corresponde a familias (ARI=0.008, silhouette=0.36)"
CHEMBL275626,CID_527,Carbamates,CCC=O,9,1,58.08,0.6,17.07,1,0,0,1,0,4,0,"Partición exploratoria — no corresponde a familias (ARI=0.008, silhouette=0.36)"
CHEMBL277500,CID_241,Azole_fungicides,c1ccccc1,15,4,78.11,1.69,0.0,0,0,1,0,0,6,0,"Partición exploratoria — no corresponde a familias (ARI=0.008, silhouette=0.36)"
CHEMBL280428,CID_637,Organophosphates,Nc1ccn(C2CC(O)C(CO)O2)c(=O)n1,5,3,227.22,-1.53,110.6,7,3,1,2,0,16,1,"Partición exploratoria — no corresponde a familias (ARI=0.008, silhouette=0.36)"
CHEMBL281435,CID_9,Carbamates,O=P(O)(O)OC1C(O)C(O)C(O)C(O)C1O,3,0,260.13,-3.72,167.91,7,7,0,2,1,16,1,"Partición exploratoria — no corresponde a familias (ARI=0.008, silhouette=0.36)"
CHEMBL283800,CID_586,Carbamates,CN(CC(=O)O)C(=N)N,46,33,131.13,-1.1,90.41,2,3,0,2,0,9,0,"Partición exploratoria — no corresponde a familias (ARI=0.008, silhouette=0.36)"
CHEMBL284116,CID_138,Triazines,NCCCCC(=O)O,13,4,117.15,0.2,63.32,2,2,0,4,0,8,0,"Partición exploratoria — no corresponde a familias (ARI=0.008, silhouette=0.36)"
CHEMBL286398,CID_1030,Pyrethroids,CC(O)CO,41,38,76.1,-0.64,40.46,2,2,0,1,0,5,0,"Partición exploratoria — no corresponde a familias (ARI=0.008, silhouette=0.36)"
CHEMBL288114,CID_370,Azole_fungicides,O=C(O)c1cc(O)c(O)c(O)c1,296,75,170.12,0.5,97.99,4,4,1,1,0,12,1,"Partición exploratoria — no corresponde a familias (ARI=0.008, silhouette=0.36)"
CHEMBL296272,CID_314,Carbamates,Nc1ccn(C2OC(COP(=O)(O)O)C(O)C2O)c(=O)n1,70,70,323.2,-2.45,177.36,9,5,1,4,0,21,1,"Partición exploratoria — no corresponde a familias (ARI=0.008, silhouette=0.36)"
CHEMBL297569,CID_239,Organophosphates,NCCC(=O)O,20,2,89.09,-0.58,63.32,2,2,0,2,0,6,0,"Partición exploratoria — no corresponde a familias (ARI=0.008, silhouette=0.36)"
CHEMBL30037,CID_205,Organophosphates,CC(O)C(N)C(=O)O,3,0,119.12,-1.22,83.55,3,3,0,2,0,8,0,"Partición exploratoria — no corresponde a familias (ARI=0.008, silhouette=0.36)"
CHEMBL307931,CID_470,Organophosphates,NCCC(N)C(=O)O,2,0,118.14,-1.25,89.34,3,3,0,3,0,8,0,"Partición exploratoria — no corresponde a familias (ARI=0.008, silhouette=0.36)"
CHEMBL308408,CID_849,Organophosphates,O=C(O)C1CCCCN1,3,2,129.16,0.21,49.33,2,2,0,1,0,9,0,"Partición exploratoria — no corresponde a familias (ARI=0.008, silhouette=0.36)"
CHEMBL3085419,Methomyl,Carbamates,CNC(=O)ON=C(C)SC,59,0,162.21,1.04,50.69,4,1,0,1,0,10,0,"Partición exploratoria — no corresponde a familias (ARI=0.008, silhouette=0.36)"
CHEMBL3187944,CID_307,Carbamates,O=CC=Cc1ccccc1,4,0,132.16,1.9,17.07,1,0,1,2,0,10,0,"Partición exploratoria — no corresponde a familias (ARI=0.008, silhouette=0.36)"
CHEMBL325109,CID_2780,Herbicides,COc1cc(N)c(Cl)cc1C(=O)NC1CCN(Cc2ccccc2)CC1,109,54,373.88,3.33,67.59,4,2,2,5,0,26,1,"Partición exploratoria — no corresponde a familias (ARI=0.008, silhouette=0.36)"
CHEMBL3337531,CID_102,Triazines,OCc1cccc(O)c1,2,0,124.14,0.88,40.46,2,2,1,1,0,9,0,"Partición exploratoria — no corresponde a familias (ARI=0.008, silhouette=0.36)"
CHEMBL346516,Methyl parathion,Organophosphates,COP(=S)(OC)Oc1ccc([N+](=O)[O-])cc1,38,13,263.21,2.49,70.83,6,0,1,5,0,16,1,"Partición exploratoria — no corresponde a familias (ARI=0.008, silhouette=0.36)"
CHEMBL35,CID_3440,Herbicides,NS(=O)(=O)c1cc(C(=O)O)c(NCc2ccco2)cc1Cl,244,170,330.75,1.89,122.63,5,3,2,5,0,21,1,"Partición exploratoria — no corresponde a familias (ARI=0.008, silhouette=0.36)"
CHEMBL366563,CID_595,Carbamates,NC(CSSCC(N)C(=O)O)C(=O)O,8,3,240.31,-0.81,126.64,6,4,0,7,0,14,1,"Partición exploratoria — no corresponde a familias (ARI=0.008, silhouette=0.36)"
CHEMBL367623,"2,4-D",Herbicides,O=C(O)COc1ccc(Cl)cc1Cl,37,12,221.04,2.46,46.53,2,1,1,3,0,13,0,"Partición exploratoria — no corresponde a familias (ARI=0.008, silhouette=0.36)"
CHEMBL371654,CID_949,Herbicides,CN(C)c1ccccc1,1,1,121.18,1.75,3.24,1,0,1,1,0,9,0,"Partición exploratoria — no corresponde a familias (ARI=0.008, silhouette=0.36)"
CHEMBL373204,Cypermethrin,Pyrethroids,CC1(C)C(C=C(Cl)Cl)C1C(=O)OC(C#N)c1cccc(Oc2ccccc2)c1,69,14,416.3,6.18,59.32,4,0,2,6,1,28,1,"Partición exploratoria — no corresponde a familias (ARI=0.008, silhouette=0.36)"
CHEMBL37537,CID_72,Triazines,O=C(O)c1ccc(O)c(O)c1,132,28,154.12,0.8,77.76,3,3,1,1,0,11,0,"Partición exploratoria — no corresponde a familias (ARI=0.008, silhouette=0.36)"
CHEMBL39879,CID_1474,Pyrethroids,c1ccc(-c2ccccn2)nc1,80,18,156.19,2.14,25.78,2,0,2,1,0,12,0,"Partición exploratoria — no corresponde a familias (ARI=0.008, silhouette=0.36)"
CHEMBL424,CID_338,Pyrethroids,O=C(O)c1ccccc1O,136,25,138.12,1.09,57.53,2,2,1,1,0,10,0,"Partición exploratoria — no corresponde a familias (ARI=0.008, silhouette=0.36)"
CHEMBL441343,CID_135,Triazines,O=C(O)c1ccc(O)cc1,74,18,138.12,1.09,57.53,2,2,1,1,0,10,0,"Partición exploratoria — no corresponde a familias (ARI=0.008, silhouette=0.36)"
CHEMBL445304,CID_86,Triazines,Nc1c(O)cccc1C(=O)O,21,13,153.14,0.67,83.55,3,3,1,1,0,11,0,"Partición exploratoria — no corresponde a familias (ARI=0.008, silhouette=0.36)"
CHEMBL457299,CID_174,Carbamates,OCCO,5,2,62.07,-1.03,40.46,2,2,0,1,0,4,0,"Partición exploratoria — no corresponde a familias (ARI=0.008, silhouette=0.36)"
CHEMBL461,CID_464,Carbamates,O=C(O)CNC(=O)c1ccccc1,26,7,179.17,0.5,66.4,2,2,1,3,0,13,0,"Partición exploratoria — no corresponde a familias (ARI=0.008, silhouette=0.36)"
CHEMBL463210,Chlorpyrifos,Organophosphates,CCOP(=S)(OCC)Oc1nc(Cl)c(Cl)cc1Cl,106,35,350.59,4.72,40.58,5,0,1,6,0,18,1,"Partición exploratoria — no corresponde a familias (ARI=0.008, silhouette=0.36)"
CHEMBL466426,Difenoconazole,Azole_fungicides,CC1COC(Cn2cncn2)(c2ccc(Oc3ccc(Cl)cc3)cc2Cl)O1,117,19,406.27,4.67,58.4,6,0,3,5,0,27,1,"Partición exploratoria — no corresponde a familias (ARI=0.008, silhouette=0.36)"
CHEMBL468167,Chlorothalonil,Fungicides,N#Cc1c(Cl)c(Cl)c(Cl)c(C#N)c1Cl,130,44,265.91,4.04,47.58,2,0,1,0,0,14,0,"Partición exploratoria — no corresponde a familias (ARI=0.008, silhouette=0.36)"
CHEMBL46917,Carbaryl,Carbamates,CNC(=O)Oc1cccc2ccccc12,124,76,201.22,2.56,38.33,2,1,2,1,0,15,0,"Partición exploratoria — no corresponde a familias (ARI=0.008, silhouette=0.36)"
CHEMBL46931,CID_335,Organophosphates,Cc1ccccc1O,12,6,108.14,1.7,20.23,1,1,1,0,0,8,0,"Partición exploratoria — no corresponde a familias (ARI=0.008, silhouette=0.36)"
CHEMBL47181,CID_529,Organophosphates,O=C(O)COP(=O)(O)O,1,0,156.03,-0.82,104.06,3,3,0,3,0,9,0,"Partición exploratoria — no corresponde a familias (ARI=0.008, silhouette=0.36)"
CHEMBL473159,CID_359,Azole_fungicides,Oc1cc(O)cc(O)c1,16,2,126.11,0.8,60.69,3,3,1,0,0,9,0,"Partición exploratoria — no corresponde a familias (ARI=0.008, silhouette=0.36)"
CHEMBL4870693,CID_43,Triazines,O=C(O)CCC(O)C(=O)O,2,0,148.11,-0.7,94.83,3,3,0,4,0,10,0,"Partición exploratoria — no corresponde a familias (ARI=0.008, silhouette=0.36)"
CHEMBL487186,Tebuconazole,Azole_fungicides,CC(C)(C)C(O)(CCc1ccc(Cl)cc1)Cn1cncn1,145,16,307.82,3.34,50.94,4,1,2,5,0,21,1,"Partición exploratoria — no corresponde a familias (ARI=0.008, silhouette=0.36)"
CHEMBL50300,CID_546,Carbamates,O=C(O)CP(=O)(O)O,59,26,140.03,-0.75,94.83,2,3,0,2,0,8,0,"Partición exploratoria — no corresponde a familias (ARI=0.008, silhouette=0.36)"
CHEMBL539,CID_176,Carbamates,CC(=O)O,14,2,60.05,0.09,37.3,1,1,0,0,0,4,0,"Partición exploratoria — no corresponde a familias (ARI=0.008, silhouette=0.36)"
CHEMBL53929,CID_4581,Herbicides,NCC(O)c1ccc(O)cc1,24,21,153.18,0.38,66.48,3,3,1,2,0,11,0,"Partición exploratoria — no corresponde a familias (ARI=0.008, silhouette=0.36)"
CHEMBL54,CID_3559,Herbicides,O=C(CCCN1CCC(O)(c2ccc(Cl)cc2)CC1)c1ccc(F)cc1,1449,309,375.87,4.43,40.54,3,1,2,6,0,26,1,"Partición exploratoria — no corresponde a familias (ARI=0.008, silhouette=0.36)"
CHEMBL545,CID_702,Pyrethroids,CCO,51,2,46.07,0.0,20.23,1,1,0,0,0,3,0,"Partición exploratoria — no corresponde a familias (ARI=0.008, silhouette=0.36)"
CHEMBL54943,CID_594,Organophosphates,NC(CS)C(=O)O,13,10,121.16,-0.67,63.32,3,3,0,2,0,7,0,"Partición exploratoria — no corresponde a familias (ARI=0.008, silhouette=0.36)"
CHEMBL560579,Propiconazole,Azole_fungicides,CCCC1COC(Cn2cncn2)(c2ccc(Cl)cc2Cl)O1,47,35,342.23,3.65,49.17,5,0,2,5,0,22,1,"Partición exploratoria — no corresponde a familias (ARI=0.008, silhouette=0.36)"
CHEMBL572964,CID_1118,Pyrethroids,O=S(=O)(O)O,32,6,98.08,-0.65,74.6,2,2,0,0,0,5,0,"Partición exploratoria — no corresponde a familias (ARI=0.008, silhouette=0.36)"
CHEMBL576,CID_1110,Pyrethroids,O=C(O)CCC(=O)O,91,44,118.09,-0.06,74.6,2,2,0,3,0,8,0,"Partición exploratoria — no corresponde a familias (ARI=0.008, silhouette=0.36)"
CHEMBL58343,CID_199,Triazines,NCCCCN=C(N)N,40,12,130.19,-1.0,90.42,2,3,0,4,0,9,0,"Partición exploratoria — no corresponde a familias (ARI=0.008, silhouette=0.36)"
CHEMBL596011,CID_364,Organophosphates,NCC(N)C(=O)O,4,1,104.11,-1.64,89.34,3,3,0,2,0,7,0,"Partición exploratoria — no corresponde a familias (ARI=0.008, silhouette=0.36)"
CHEMBL6,CID_3715,Herbicides,COc1ccc2c(c1)c(CC(=O)O)c(C)n2C(=O)c1ccc(Cl)cc1,1792,311,357.79,3.93,68.53,4,1,3,4,0,25,1,"Partición exploratoria — no corresponde a familias (ARI=0.008, silhouette=0.36)"
CHEMBL601,CID_137,Carbamates,NCC(=O)CCC(=O)O,111,77,131.13,-0.62,80.39,3,2,0,4,0,9,0,"Partición exploratoria — no corresponde a familias (ARI=0.008, silhouette=0.36)"
CHEMBL692,CID_753,Pyrethroids,OCC(O)CO,41,37,92.09,-1.67,60.69,3,3,0,2,0,6,0,"Partición exploratoria — no corresponde a familias (ARI=0.008, silhouette=0.36)"
CHEMBL71595,CID_784,Pyrethroids,OO,6,0,34.01,0.02,40.46,2,2,0,0,0,2,0,"Partición exploratoria — no corresponde a familias (ARI=0.008, silhouette=0.36)"
CHEMBL730,CID_4510,Herbicides,O=[N+]([O-])OCC(CO[N+](=O)[O-])O[N+](=O)[O-],25,4,227.08,-1.02,157.11,9,0,0,8,0,15,1,"Partición exploratoria — no corresponde a familias (ARI=0.008, silhouette=0.36)"
CHEMBL74063,CID_1326,Pyrethroids,Cn1c(=O)c2ncn(C)c2n(C)c1=O,6,5,194.19,-1.03,61.82,6,0,2,0,0,14,0,"Partición exploratoria — no corresponde a familias (ARI=0.008, silhouette=0.36)"
CHEMBL74469,Paraquat,Herbicides,C[n+]1ccc(-c2cc[n+](C)cc2)cc1,4,4,186.26,1.0,7.76,0,0,2,1,0,14,0,"Partición exploratoria — no corresponde a familias (ARI=0.008, silhouette=0.36)"
CHEMBL75967,CID_992,Pyrethroids,Oc1c(Cl)c(Cl)c(Cl)c(Cl)c1Cl,150,119,266.34,4.66,20.23,1,1,1,0,0,12,0,"Partición exploratoria — no corresponde a familias (ARI=0.008, silhouette=0.36)"
CHEMBL773,CID_750,Organophosphates,NCC(=O)O,88,41,75.07,-0.97,63.32,2,2,0,1,0,5,0,"Partición exploratoria — no corresponde a familias (ARI=0.008, silhouette=0.36)"
CHEMBL78,CID_596,Carbamates,Nc1ccn(C2OC(CO)C(O)C2O)c(=O)n1,1,0,243.22,-2.56,130.83,8,4,1,2,0,17,1,"Partición exploratoria — no corresponde a familias (ARI=0.008, silhouette=0.36)"
CHEMBL79041,CID_346,Carbamates,OCC1OC(Oc2ccc(O)cc2)C(O)C(O)C1O,5,5,272.25,-1.43,119.61,7,5,1,3,0,19,1,"Partición exploratoria — no corresponde a familias (ARI=0.008, silhouette=0.36)"
CHEMBL851,CID_107,Carbamates,O=C(O)CCc1ccccc1,21,4,150.18,1.7,37.3,1,1,1,3,0,11,0,"Partición exploratoria — no corresponde a familias (ARI=0.008, silhouette=0.36)"
CHEMBL87788,CID_724,Organophosphates,O=C(O)C(O)COP(=O)(O)O,3,0,186.06,-1.46,124.29,4,4,0,4,0,11,1,"Partición exploratoria — no corresponde a familias (ARI=0.008, silhouette=0.36)"
CHEMBL89306,CID_660,Organophosphates,O=C1CCc2ccccc2O1,61,59,148.16,1.54,26.3,2,0,1,0,0,11,0,"Partición exploratoria — no corresponde a familias (ARI=0.008, silhouette=0.36)"
CHEMBL9113,CID_1140,Pyrethroids,Cc1ccccc1,19,4,92.14,2.0,0.0,0,0,1,0,0,7,0,"Partición exploratoria — no corresponde a familias (ARI=0.008, silhouette=0.36)"
CHEMBL91732,Aldicarb,Carbamates,CNC(=O)O/N=C/C(C)(C)SC,29,12,190.27,1.47,50.69,4,1,0,3,0,12,0,"Partición exploratoria — no corresponde a familias (ARI=0.008, silhouette=0.36)"
CHEMBL920,CID_305,Azole_fungicides,C[N+](C)(C)CCO,58,36,104.17,-0.32,20.23,1,1,0,2,0,7,0,"Partición exploratoria — no corresponde a familias (ARI=0.008, silhouette=0.36)"
CHEMBL95764,Glyphosate,Herbicides,O=C(O)CNCP(=O)(O)O,99,58,169.07,-1.2,106.86,3,4,0,4,0,10,1,"Partición exploratoria — no corresponde a familias (ARI=0.008, silhouette=0.36)"
CHEMBL96,CID_119,Organophosphates,NCCCC(=O)O,256,21,103.12,-0.19,63.32,2,2,0,3,0,7,0,"Partición exploratoria — no corresponde a familias (ARI=0.008, silhouette=0.36)"
CHEMBL979,CID_4064,Herbicides,CCCC(C)(COC(N)=O)COC(N)=O,87,72,218.25,0.98,104.64,4,2,0,6,0,15,1,"Partición exploratoria — no corresponde a familias (ARI=0.008, silhouette=0.36)"
CHEMBL985,CID_1176,Pyrethroids,NC(N)=O,21,7,60.06,-0.98,69.11,1,2,0,0,0,4,0,"Partición exploratoria — no corresponde a familias (ARI=0.008, silhouette=0.36)"
