name,CID,SMILES,formula,source,family,SMILES_canonical
Chlorpyrifos,2730,CCOP(=S)(OCC)OC1=NC(=C(C=C1Cl)Cl)Cl,C9H11Cl3NO3PS,MIDA_name_search,mixed,CCOP(=S)(OCC)Oc1nc(Cl)c(Cl)cc1Cl
Malathion,4004,CCOC(=O)CC(C(=O)OCC)SP(=S)(OC)OC,C10H19O6PS2,MIDA_name_search,mixed,CCOC(=O)CC(SP(=S)(OC)OC)C(=O)OCC
Dimethoate,3082,CNC(=O)CSP(=S)(OC)OC,C5H12NO3PS2,MIDA_name_search,mixed,CNC(=O)CSP(=S)(OC)OC
Methyl parathion,4130,COP(=S)(OC)OC1=CC=C(C=C1)[N+](=O)[O-],C8H10NO5PS,MIDA_name_search,mixed,COP(=S)(OC)Oc1ccc([N+](=O)[O-])cc1
Carbaryl,6129,CNC(=O)OC1=CC=CC2=CC=CC=C21,C12H11NO2,MIDA_name_search,mixed,CNC(=O)Oc1cccc2ccccc12
Methomyl,4109,CC(=NOC(=O)NC)SC,C5H10N2O2S,MIDA_name_search,mixed,CNC(=O)ON=C(C)SC
Aldicarb,9570071,CC(C)(/C=N/OC(=O)NC)SC,C7H14N2O2S,MIDA_name_search,mixed,CNC(=O)O/N=C/C(C)(C)SC
Atrazine,2256,CCNC1=NC(=NC(=N1)Cl)NC(C)C,C8H14ClN5,MIDA_name_search,mixed,CCNc1nc(Cl)nc(NC(C)C)n1
Simazine,5216,CCNC1=NC(=NC(=N1)Cl)NCC,C7H12ClN5,MIDA_name_search,mixed,CCNc1nc(Cl)nc(NCC)n1
Tebuconazole,86102,CC(C)(C)C(CCC1=CC=C(C=C1)Cl)(CN2C=NC=N2)O,C16H22ClN3O,MIDA_name_search,mixed,CC(C)(C)C(O)(CCc1ccc(Cl)cc1)Cn1cncn1
Propiconazole,43234,CCCC1COC(O1)(CN2C=NC=N2)C3=C(C=C(C=C3)Cl)Cl,C15H17Cl2N3O2,MIDA_name_search,mixed,CCCC1COC(Cn2cncn2)(c2ccc(Cl)cc2Cl)O1
Difenoconazole,86173,CC1COC(O1)(CN2C=NC=N2)C3=C(C=C(C=C3)OC4=CC=C(C=C4)Cl)Cl,C19H17Cl2N3O3,MIDA_name_search,mixed,CC1COC(Cn2cncn2)(c2ccc(Oc3ccc(Cl)cc3)cc2Cl)O1
Cypermethrin,2912,CC1(C(C1C(=O)OC(C#N)C2=CC(=CC=C2)OC3=CC=CC=C3)C=C(Cl)Cl)C,C22H19Cl2NO3,MIDA_name_search,mixed,CC1(C)C(C=C(Cl)Cl)C1C(=O)OC(C#N)c1cccc(Oc2ccccc2)c1
Deltamethrin,40585,CC1([C@H]([C@H]1C(=O)O[C@H](C#N)C2=CC(=CC=C2)OC3=CC=CC=C3)C=C(Br)Br)C,C22H19Br2NO3,MIDA_name_search,mixed,CC1(C)[C@H](C(=O)O[C@H](C#N)c2cccc(Oc3ccccc3)c2)[C@@H]1C=C(Br)Br
Lambda-cyhalothrin,6440557,CC1([C@@H]([C@@H]1C(=O)O[C@@H](C#N)C2=CC(=CC=C2)OC3=CC=CC=C3)/C=C(/C(F)(F)F)\Cl)C,C23H19ClF3NO3,MIDA_name_search,mixed,CC1(C)[C@H](/C=C(\Cl)C(F)(F)F)[C@@H]1C(=O)O[C@@H](C#N)c1cccc(Oc2ccccc2)c1
Glyphosate,3496,C(C(=O)O)NCP(=O)(O)O,C3H8NO5P,MIDA_name_search,mixed,O=C(O)CNCP(=O)(O)O
Paraquat,15939,C[N+]1=CC=C(C=C1)C2=CC=[N+](C=C2)C,C12H14N2+2,MIDA_name_search,mixed,C[n+]1ccc(-c2cc[n+](C)cc2)cc1
"2,4-D",1486,C1=CC(=C(C=C1Cl)Cl)OCC(=O)O,C8H6Cl2O3,MIDA_name_search,mixed,O=C(O)COc1ccc(Cl)cc1Cl
Mancozeb,3034368,C(CNC(=S)[S-])NC(=S)[S-].C(CNC(=S)[S-])NC(=S)[S-].[Mn+2].[Zn+2],C8H12MnN4S8Zn,MIDA_name_search,mixed,S=C([S-])NCCNC(=S)[S-].S=C([S-])NCCNC(=S)[S-].[Mn+2].[Zn+2]
Chlorothalonil,15910,C(#N)C1=C(C(=C(C(=C1Cl)Cl)Cl)C#N)Cl,C8Cl4N2,MIDA_name_search,mixed,N#Cc1c(Cl)c(Cl)c(Cl)c(C#N)c1Cl
,119,C(CC(=O)O)CN,,classification_hnid_4400064,Organophosphates,NCCCC(=O)O
,152,C(C1C(C(C(O1)NC(=O)CN)O)O)OP(=O)(O)O,,classification_hnid_4400064,Organophosphates,NCC(=O)NC1OC(COP(=O)(O)O)C(O)C1O
,205,CC(C(C(=O)O)N)O,,classification_hnid_4400064,Organophosphates,CC(O)C(N)C(=O)O
,222,N,,classification_hnid_4400064,Organophosphates,N
,224,C1=NC(=C2C(=N1)N(C=N2)C3C(C(C(O3)COP(=O)(O)O)O)O)N,,classification_hnid_4400064,Organophosphates,Nc1ncnc2c1ncn2C1OC(COP(=O)(O)O)C(O)C1O
,227,C1=CC=C(C(=C1)C(=O)O)N,,classification_hnid_4400064,Organophosphates,Nc1ccccc1C(=O)O
,229,C1C(C(C(C(O1)O)O)O)O,,classification_hnid_4400064,Organophosphates,OC1COC(O)C(O)C1O
,232,C(CC(C(=O)O)N)CN=C(N)N,,classification_hnid_4400064,Organophosphates,NC(N)=NCCCC(N)C(=O)O
,236,C(C(C(=O)O)N)C(=O)N,,classification_hnid_4400064,Organophosphates,NC(=O)CC(N)C(=O)O
,239,C(CN)C(=O)O,,classification_hnid_4400064,Organophosphates,NCCC(=O)O
,255,C1=CC(=CC=C1[N+](=O)[O-])OP(=O)(O)OC2=CC=C(C=C2)[N+](=O)[O-],,classification_hnid_4400064,Organophosphates,O=[N+]([O-])c1ccc(OP(=O)(O)Oc2ccc([N+](=O)[O-])cc2)cc1
,277,C(=O)(N)O,,classification_hnid_4400064,Organophosphates,NC(=O)O
,280,C(=O)=O,,classification_hnid_4400064,Organophosphates,O=C=O
,297,C,,classification_hnid_4400064,Organophosphates,C
,313,Cl,,classification_hnid_4400064,Organophosphates,Cl
,335,CC1=CC=CC=C1O,,classification_hnid_4400064,Organophosphates,Cc1ccccc1O
,364,C(C(C(=O)O)N)N,,classification_hnid_4400064,Organophosphates,NCC(N)C(=O)O
,378,C1=CC(=CC=C1[N+](=O)[O-])OP(=O)(O)O,,classification_hnid_4400064,Organophosphates,O=[N+]([O-])c1ccc(OP(=O)(O)O)cc1
,392,C(CC(CC(=O)O)N)CN,,classification_hnid_4400064,Organophosphates,NCCCC(N)CC(=O)O
,424,C(C(C(=O)O)N)C(=O)O,,classification_hnid_4400064,Organophosphates,NC(CC(=O)O)C(=O)O
,470,C(CN)C(C(=O)O)N,,classification_hnid_4400064,Organophosphates,NCCC(N)C(=O)O
,499,C1CC(=O)NC1C(=O)O,,classification_hnid_4400064,Organophosphates,O=C1CCC(C(=O)O)N1
,504,C1C(=O)NC=N1,,classification_hnid_4400064,Organophosphates,O=C1CN=CN1
,529,C(C(=O)O)OP(=O)(O)O,,classification_hnid_4400064,Organophosphates,O=C(O)COP(=O)(O)O
,564,C(CCC(=O)O)CCN,,classification_hnid_4400064,Organophosphates,NCCCCCC(=O)O
,594,C(C(C(=O)O)N)S,,classification_hnid_4400064,Organophosphates,NC(CS)C(=O)O
,602,CC(C(=O)O)N,,classification_hnid_4400064,Organophosphates,CC(N)C(=O)O
,611,C(CC(=O)O)C(C(=O)O)N,,classification_hnid_4400064,Organophosphates,NC(CCC(=O)O)C(=O)O
,614,C1CC(NC1)C(=O)O,,classification_hnid_4400064,Organophosphates,O=C(O)C1CCCN1
,617,C(C(C(=O)O)N)O,,classification_hnid_4400064,Organophosphates,NC(CO)C(=O)O
,637,C1C(C(OC1N2C=CC(=NC2=O)N)CO)O,,classification_hnid_4400064,Organophosphates,Nc1ccn(C2CC(O)C(CO)O2)c(=O)n1
,640,C1C(C(OC1N2C=CC(=O)NC2=O)CO)O,,classification_hnid_4400064,Organophosphates,O=c1ccn(C2CC(O)C(CO)O2)c(=O)[nH]1
,655,CCOP(=S)(O)OCC,,classification_hnid_4400064,Organophosphates,CCOP(O)(=S)OCC
,660,C1CC(=O)OC2=CC=CC=C21,,classification_hnid_4400064,Organophosphates,O=C1CCc2ccccc2O1
,668,C(C(=O)COP(=O)(O)O)O,,classification_hnid_4400064,Organophosphates,O=C(CO)COP(=O)(O)O
,673,CN(C)CC(=O)O,,classification_hnid_4400064,Organophosphates,CN(C)CC(=O)O
,713,C(=O)N,,classification_hnid_4400064,Organophosphates,NC=O
,724,C(C(C(=O)O)O)OP(=O)(O)O,,classification_hnid_4400064,Organophosphates,O=C(O)C(O)COP(=O)(O)O
,729,C(C(C=O)O)OP(=O)(O)O,,classification_hnid_4400064,Organophosphates,O=CC(O)COP(=O)(O)O
,738,C(CC(=O)N)C(C(=O)O)N,,classification_hnid_4400064,Organophosphates,NC(=O)CCC(N)C(=O)O
,745,C(CC(=O)NC(CS)C(=O)NCC(=O)O)C(C(=O)O)N,,classification_hnid_4400064,Organophosphates,NC(CCC(=O)NC(CS)C(=O)NCC(=O)O)C(=O)O
,750,C(C(=O)O)N,,classification_hnid_4400064,Organophosphates,NCC(=O)O
,773,C1=C(NC=N1)CC(C(=O)O)N,,classification_hnid_4400064,Organophosphates,NC(Cc1cnc[nH]1)C(=O)O
,778,C(CS)C(C(=O)O)N,,classification_hnid_4400064,Organophosphates,NC(CCS)C(=O)O
,779,C(CO)C(C(=O)O)N,,classification_hnid_4400064,Organophosphates,NC(CCO)C(=O)O
,824,CCCC(C(=O)O)N,,classification_hnid_4400064,Organophosphates,CCCC(N)C(=O)O
,825,C1C(CNC1C(=O)O)O,,classification_hnid_4400064,Organophosphates,O=C(O)C1CC(O)CN1
,833,C(CC(C(=O)O)N)CNC(=O)N,,classification_hnid_4400064,Organophosphates,NC(=O)NCCCC(N)C(=O)O
,849,C1CCNC(C1)C(=O)O,,classification_hnid_4400064,Organophosphates,O=C(O)C1CCCCN1
,854,C(C(C(C(C=O)O)O)O)O,,classification_hnid_4400064,Organophosphates,O=CC(O)C(O)C(O)CO
,9,C1(C(C(C(C(C1O)O)OP(=O)(O)O)O)O)O,,classification_hnid_4400088,Carbamates,O=P(O)(O)OC1C(O)C(O)C(O)C(O)C1O
,59,C(C(C(=O)O)OP(=O)(O)O)O,,classification_hnid_4400088,Carbamates,O=C(O)C(CO)OP(=O)(O)O
,96,CC(=O)CC(=O)O,,classification_hnid_4400088,Carbamates,CC(=O)CC(=O)O
,106,C(C(C(=O)O)N)OP(=O)(O)O,,classification_hnid_4400088,Carbamates,NC(COP(=O)(O)O)C(=O)O
,107,C1=CC=C(C=C1)CCC(=O)O,,classification_hnid_4400088,Carbamates,O=C(O)CCc1ccccc1
,137,C(CC(=O)O)C(=O)CN,,classification_hnid_4400088,Carbamates,NCC(=O)CCC(=O)O
,174,C(CO)O,,classification_hnid_4400088,Carbamates,OCCO
,175,CC(=O)[O-],,classification_hnid_4400088,Carbamates,CC(=O)[O-]
,176,CC(=O)O,,classification_hnid_4400088,Carbamates,CC(=O)O
,177,CC=O,,classification_hnid_4400088,Carbamates,CC=O
,190,C1=NC2=NC=NC(=C2N1)N,,classification_hnid_4400088,Carbamates,Nc1ncnc2nc[nH]c12
,238,C1=NC(=C2C(=N1)N(C=N2)C3C(C(C(O3)COP(=O)(O)OP(=O)(O)OP(=O)(O)O)O)O)N,,classification_hnid_4400088,Carbamates,Nc1ncnc2c1ncn2C1OC(COP(=O)(O)OP(=O)(O)OP(=O)(O)O)C(O)C1O
,264,CCCC(=O)O,,classification_hnid_4400088,Carbamates,CCCC(=O)O
,275,C(CON=C(N)N)C(C(=O)O)N,,classification_hnid_4400088,Carbamates,NC(N)=NOCCC(N)C(=O)O
,284,C(=O)O,,classification_hnid_4400088,Carbamates,O=CO
,307,C1=CC=C(C=C1)C=CC=O,,classification_hnid_4400088,Carbamates,O=CC=Cc1ccccc1
,308,C1=CC=C(C=C1)C=CCO,,classification_hnid_4400088,Carbamates,OCC=Cc1ccccc1
,314,C1=CN(C(=O)N=C1N)C2C(C(C(O2)COP(=O)(O)O)O)O,,classification_hnid_4400088,Carbamates,Nc1ccn(C2OC(COP(=O)(O)O)C(O)C2O)c(=O)n1
,317,CC(C)(COP(=O)(O)OP(=O)(O)OCC1C(C(C(O1)N2C=NC3=C(N=CN=C32)N)O)OP(=O)(O)O)C(C(=O)NCCC(=O)NCCS)O,,classification_hnid_4400088,Carbamates,CC(C)(COP(=O)(O)OP(=O)(O)OCC1OC(n2cnc3c(N)ncnc32)C(O)C1OP(=O)(O)O)C(O)C(=O)NCCC(=O)NCCS
,322,C1=CC(=CC=C1C=CC(=O)O)O,,classification_hnid_4400088,Carbamates,O=C(O)C=Cc1ccc(O)cc1
,346,C1=CC(=CC=C1O)OC2C(C(C(C(O2)CO)O)O)O,,classification_hnid_4400088,Carbamates,OCC1OC(Oc2ccc(O)cc2)C(O)C(O)C1O
,363,C(C=O)N,,classification_hnid_4400088,Carbamates,NCC=O
,402,S,,classification_hnid_4400088,Carbamates,S
,421,C(CCC(=O)O)CC(CCS)S,,classification_hnid_4400088,Carbamates,O=C(O)CCCCC(S)CCS
,423,CC(=O)CC(C(=O)O)N,,classification_hnid_4400088,Carbamates,CC(=O)CC(N)C(=O)O
,449,CC(CCO)(CC(=O)O)O,,classification_hnid_4400088,Carbamates,CC(O)(CCO)CC(=O)O
,460,COC1=CC=CC=C1O,,classification_hnid_4400088,Carbamates,COc1ccccc1O
,464,C1=CC=C(C=C1)C(=O)NCC(=O)O,,classification_hnid_4400088,Carbamates,O=C(O)CNC(=O)c1ccccc1
,527,CCC=O,,classification_hnid_4400088,Carbamates,CCC=O
,546,C(C(=O)O)P(=O)(O)O,,classification_hnid_4400088,Carbamates,O=C(O)CP(=O)(O)O
,586,CN(CC(=O)O)C(=N)N,,classification_hnid_4400088,Carbamates,CN(CC(=O)O)C(=N)N
,588,CN1CC(=O)N=C1N,,classification_hnid_4400088,Carbamates,CN1CC(=O)N=C1N
,595,C(C(C(=O)O)N)SSCC(C(=O)O)N,,classification_hnid_4400088,Carbamates,NC(CSSCC(N)C(=O)O)C(=O)O
,596,C1=CN(C(=O)N=C1N)C2C(C(C(O2)CO)O)O,,classification_hnid_4400088,Carbamates,Nc1ccn(C2OC(CO)C(O)C2O)c(=O)n1
,3,C1=CC(C(C(=C1)C(=O)O)O)O,,classification_hnid_4400160,Triazines,O=C(O)C1=CC=CC(O)C1O
,16,C1CCC(=O)NCCCCCC(=O)NCC1,,classification_hnid_4400160,Triazines,O=C1CCCCCNC(=O)CCCCCN1
,17,C1C=CC(=NC1C(=O)O)C(=O)O,,classification_hnid_4400160,Triazines,O=C(O)C1=NC(C(=O)O)CC=C1
,19,C1=CC(=C(C(=C1)O)O)C(=O)O,,classification_hnid_4400160,Triazines,O=C(O)c1cccc(O)c1O
,20,C1=CC(=C(C(=C1)O)O)CCC(=O)O,,classification_hnid_4400160,Triazines,O=C(O)CCc1cccc(O)c1O
,22,CC(=O)C(C)(C(=O)O)O,,classification_hnid_4400160,Triazines,CC(=O)C(C)(O)C(=O)O
,30,C(=CC=O)C=C(C(=O)O)N,,classification_hnid_4400160,Triazines,NC(=CC=CC=O)C(=O)O
,32,C(=CC(=O)O)C=C(C(=O)O)C(=O)O,,classification_hnid_4400160,Triazines,O=C(O)C=CC=C(C(=O)O)C(=O)O
,36,CC(C)C(C(C(=O)O)O)C(=O)O,,classification_hnid_4400160,Triazines,CC(C)C(C(=O)O)C(O)C(=O)O
,38,CC(C)(CO)C(=O)C(=O)O,,classification_hnid_4400160,Triazines,CC(C)(CO)C(=O)C(=O)O
,39,CC1(COC(=O)C1=O)C,,classification_hnid_4400160,Triazines,CC1(C)COC(=O)C1=O
,40,C1C(C(C(OC1O)CO)O)O,,classification_hnid_4400160,Triazines,OCC1OC(O)CC(O)C1O
,43,C(CC(=O)O)C(C(=O)O)O,,classification_hnid_4400160,Triazines,O=C(O)CCC(O)C(=O)O
,45,C(C(=O)O)(C(=O)O)O,,classification_hnid_4400160,Triazines,O=C(O)C(O)C(=O)O
,49,CC(C)C(=O)C(=O)O,,classification_hnid_4400160,Triazines,CC(C)C(=O)C(=O)O
,51,C(CC(=O)O)C(=O)C(=O)O,,classification_hnid_4400160,Triazines,O=C(O)CCC(=O)C(=O)O
,58,CCC(=O)C(=O)O,,classification_hnid_4400160,Triazines,CCC(=O)C(=O)O
,61,C(C(C(=O)O)OP(=O)(O)O)OP(=O)(O)O,,classification_hnid_4400160,Triazines,O=C(O)C(COP(=O)(O)O)OP(=O)(O)O
,63,CC(CC(C(=O)O)N)N,,classification_hnid_4400160,Triazines,CC(N)CC(N)C(=O)O
,67,C(C(=O)C(C(C(=O)C(=O)O)O)O)O,,classification_hnid_4400160,Triazines,O=C(O)C(=O)C(O)C(O)C(=O)CO
,71,C(CC(=O)C(=O)O)CC(=O)O,,classification_hnid_4400160,Triazines,O=C(O)CCCC(=O)C(=O)O
,72,C1=CC(=C(C=C1C(=O)O)O)O,,classification_hnid_4400160,Triazines,O=C(O)c1ccc(O)c(O)c1
,85,C[N+](C)(C)CC(CC(=O)O)O,,classification_hnid_4400160,Triazines,C[N+](C)(C)CC(O)CC(=O)O
,86,C1=CC(=C(C(=C1)O)N)C(=O)O,,classification_hnid_4400160,Triazines,Nc1c(O)cccc1C(=O)O
,87,CC(CO)C(=O)O,,classification_hnid_4400160,Triazines,CC(CO)C(=O)O
,102,C1=CC(=CC(=C1)O)CO,,classification_hnid_4400160,Triazines,OCc1cccc(O)c1
,111,C(CNC(=O)N)C(=O)O,,classification_hnid_4400160,Triazines,NC(=O)NCCC(=O)O
,118,C(CC=O)CN,,classification_hnid_4400160,Triazines,NCCCC=O
,126,C1=CC(=CC=C1C=O)O,,classification_hnid_4400160,Triazines,O=Cc1ccc(O)cc1
,127,C1=CC(=CC=C1CC(=O)O)O,,classification_hnid_4400160,Triazines,O=C(O)Cc1ccc(O)cc1
,133,C[N+](C)(C)CCCC=O,,classification_hnid_4400160,Triazines,C[N+](C)(C)CCCC=O
,135,C1=CC(=CC=C1C(=O)O)O,,classification_hnid_4400160,Triazines,O=C(O)c1ccc(O)cc1
,138,C(CCN)CC(=O)O,,classification_hnid_4400160,Triazines,NCCCCC(=O)O
,167,C1CN=C2C(=N1)C=NC=N2,,classification_hnid_4400160,Triazines,c1ncc2c(n1)=NCCN=2
,179,CC(C(=O)C)O,,classification_hnid_4400160,Triazines,CC(=O)C(C)O
,180,CC(=O)C,,classification_hnid_4400160,Triazines,CC(C)=O
,191,C1=NC(=C2C(=N1)N(C=N2)C3C(C(C(O3)CO)O)O)N,,classification_hnid_4400160,Triazines,Nc1ncnc2c1ncn2C1OC(CO)C(O)C1O
,199,C(CCN=C(N)N)CN,,classification_hnid_4400160,Triazines,NCCCCN=C(N)N
,206,C(C1C(C(C(C(O1)O)O)O)O)O,,classification_hnid_4400160,Triazines,OCC1OC(O)C(O)C(O)C1O
,207,C(CC=O)CC(C(=O)O)N,,classification_hnid_4400160,Triazines,NC(CCCC=O)C(=O)O
,208,C(C1C(C(C(C(O1)O)O)O)O)OP(=O)(O)O,,classification_hnid_4400160,Triazines,O=P(O)(O)OCC1OC(O)C(O)C(O)C1O
,66,C1=CC(=C(C=C1Cl)O)Cl,,classification_hnid_4400154,Azole_fungicides,Oc1cc(Cl)ccc1Cl
,144,C1=CC2=C(C=C1O)C(=CN2)CC(C(=O)O)N,,classification_hnid_4400154,Azole_fungicides,NC(Cc1c[nH]c2ccc(O)cc12)C(=O)O
,178,CC(=O)N,,classification_hnid_4400154,Azole_fungicides,CC(N)=O
,196,C(CCC(=O)O)CC(=O)O,,classification_hnid_4400154,Azole_fungicides,O=C(O)CCCCC(=O)O
,198,C1=NC(=C2C(=N1)N(C=N2)C3C(C(C(O3)COP(=O)(O)OP(=O)(O)OC4C(C(C(C(O4)CO)O)O)O)O)O)N,,classification_hnid_4400154,Azole_fungicides,Nc1ncnc2c1ncn2C1OC(COP(=O)(O)OP(=O)(O)OC2OC(CO)C(O)C(O)C2O)C(O)C1O
,241,C1=CC=CC=C1,,classification_hnid_4400154,Azole_fungicides,c1ccccc1
,253,C1C2C(C(S1)CCCCC(=O)O)NC(=O)N2,,classification_hnid_4400154,Azole_fungicides,O=C(O)CCCCC1SCC2NC(=O)NC21
,262,CC(C(C)O)O,,classification_hnid_4400154,Azole_fungicides,CC(O)C(C)O
,263,CCCCO,,classification_hnid_4400154,Azole_fungicides,CCCCO
,281,[C-]#[O+],,classification_hnid_4400154,Azole_fungicides,[C-]#[O+]
,288,C[N+](C)(C)CC(CC(=O)[O-])O,,classification_hnid_4400154,Azole_fungicides,C[N+](C)(C)CC(O)CC(=O)[O-]
,294,C(C1C(C(C(C(O1)OC2C(OC(C(C2O)O)O)CO)O)O)O)O,,classification_hnid_4400154,Azole_fungicides,OCC1OC(OC2C(CO)OC(O)C(O)C2O)C(O)C(O)C1O
,300,C(C(=O)O)Cl,,classification_hnid_4400154,Azole_fungicides,O=C(O)CCl
,303,CC(CCC(=O)O)C1CCC2C1(C(CC3C2C(CC4C3(CCC(C4)O)C)O)O)C,,classification_hnid_4400154,Azole_fungicides,CC(CCC(=O)O)C1CCC2C3C(O)CC4CC(O)CCC4(C)C3CC(O)C12C
,305,C[N+](C)(C)CCO,,classification_hnid_4400154,Azole_fungicides,C[N+](C)(C)CCO
,311,C(C(=O)O)C(CC(=O)O)(C(=O)O)O,,classification_hnid_4400154,Azole_fungicides,O=C(O)CC(O)(CC(=O)O)C(=O)O
,312,[Cl-],,classification_hnid_4400154,Azole_fungicides,[Cl-]
,356,CCCCCCCC,,classification_hnid_4400154,Azole_fungicides,CCCCCCCC
,359,C1=C(C=C(C=C1O)O)O,,classification_hnid_4400154,Azole_fungicides,Oc1cc(O)cc(O)c1
,370,C1=C(C=C(C(=C1O)O)O)C(=O)O,,classification_hnid_4400154,Azole_fungicides,O=C(O)c1cc(O)c(O)c(O)c1
,260,Br,,classification_hnid_4500164,Pyrethroids,Br
,338,C1=CC=C(C(=C1)C(=O)O)O,,classification_hnid_4500164,Pyrethroids,O=C(O)c1ccccc1O
,453,C(C(C(C(C(CO)O)O)O)O)O,,classification_hnid_4500164,Pyrethroids,OCC(O)C(O)C(O)C(O)CO
,700,C(CO)N,,classification_hnid_4500164,Pyrethroids,NCCO
,702,CCO,,classification_hnid_4500164,Pyrethroids,CCO
,712,C=O,,classification_hnid_4500164,Pyrethroids,C=O
,727,C1(C(C(C(C(C1Cl)Cl)Cl)Cl)Cl)Cl,,classification_hnid_4500164,Pyrethroids,ClC1C(Cl)C(Cl)C(Cl)C(Cl)C1Cl
,753,C(C(CO)O)O,,classification_hnid_4500164,Pyrethroids,OCC(O)CO
,756,C(C=O)O,,classification_hnid_4500164,Pyrethroids,O=CCO
,767,C(=O)(O)O,,classification_hnid_4500164,Pyrethroids,O=C(O)O
,783,[HH],,classification_hnid_4500164,Pyrethroids,[HH]
,784,OO,,classification_hnid_4500164,Pyrethroids,OO
,787,NO,,classification_hnid_4500164,Pyrethroids,NO
,887,CO,,classification_hnid_4500164,Pyrethroids,CO
,892,C1(C(C(C(C(C1O)O)O)O)O)O,,classification_hnid_4500164,Pyrethroids,OC1C(O)C(O)C(O)C(O)C1O
,935,[Ni],,classification_hnid_4500164,Pyrethroids,[Ni]
,945,N=O,,classification_hnid_4500164,Pyrethroids,N=O
,947,N#N,,classification_hnid_4500164,Pyrethroids,N#N
,962,O,,classification_hnid_4500164,Pyrethroids,O
,977,O=O,,classification_hnid_4500164,Pyrethroids,O=O
,992,C1(=C(C(=C(C(=C1Cl)Cl)Cl)Cl)Cl)O,,classification_hnid_4500164,Pyrethroids,Oc1c(Cl)c(Cl)c(Cl)c(Cl)c1Cl
,996,C1=CC=C(C=C1)O,,classification_hnid_4500164,Pyrethroids,Oc1ccccc1
,1004,OP(=O)(O)O,,classification_hnid_4500164,Pyrethroids,O=P(O)(O)O
,1023,OP(=O)(O)OP(=O)(O)O,,classification_hnid_4500164,Pyrethroids,O=P(O)(O)OP(=O)(O)O
,1030,CC(CO)O,,classification_hnid_4500164,Pyrethroids,CC(O)CO
,1031,CCCO,,classification_hnid_4500164,Pyrethroids,CCCO
,1065,COC1=CC2=C(C=CN=C2C=C1)C(C3CC4CCN3CC4C=C)O,,classification_hnid_4500164,Pyrethroids,C=CC1CN2CCC1CC2C(O)c1ccnc2ccc(OC)cc12
,1070,CC1=C(C(CCC1)(C)C)C=CC(=CC=CC(=CC=O)C)C,,classification_hnid_4500164,Pyrethroids,CC(C=CC=C(C)C=CC1=C(C)CCCC1(C)C)=CC=O
,1084,[O-]S(=O)(=S)[O-],,classification_hnid_4500164,Pyrethroids,O=S([O-])([O-])=S
,1110,C(CC(=O)O)C(=O)O,,classification_hnid_4500164,Pyrethroids,O=C(O)CCC(=O)O
,1118,OS(=O)(=O)O,,classification_hnid_4500164,Pyrethroids,O=S(=O)(O)O
,1130,CC1=C(SC=[N+]1CC2=CN=C(N=C2N)C)CCO,,classification_hnid_4500164,Pyrethroids,Cc1ncc(C[n+]2csc(CCO)c2C)c(N)n1
,1140,CC1=CC=CC=C1,,classification_hnid_4500164,Pyrethroids,Cc1ccccc1
,1143,C(C1C(C(C(C(O1)OC2C(C(C(C(O2)CO)O)O)O)O)O)O)O,,classification_hnid_4500164,Pyrethroids,OCC1OC(OC2OC(CO)C(O)C(O)C2O)C(O)C(O)C1O
,1176,C(=O)(N)N,,classification_hnid_4500164,Pyrethroids,NC(N)=O
,1326,CN1C=NC2=C1N(C(=O)N(C2=O)C)C,,classification_hnid_4500164,Pyrethroids,Cn1c(=O)c2ncn(C)c2n(C)c1=O
,1474,C1=CC=NC(=C1)C2=CC=CC=N2,,classification_hnid_4500164,Pyrethroids,c1ccc(-c2ccccn2)nc1
,1982,CC(=O)NP(=O)(OC)SC,,classification_hnid_4500164,Pyrethroids,COP(=O)(NC(C)=O)SC
,34,C(CCl)O,,classification_hnid_4500088,Herbicides,OCCCl
,240,C1=CC=C(C=C1)C=O,,classification_hnid_4500088,Herbicides,O=Cc1ccccc1
,259,[Br-],,classification_hnid_4500088,Herbicides,[Br-]
,456,C(=O)(C(=O)O)NC(=O)N,,classification_hnid_4500088,Herbicides,NC(=O)NC(=O)C(=O)O
,807,II,,classification_hnid_4500088,Herbicides,II
,949,CN(C)C1=CC=CC=C1,,classification_hnid_4500088,Herbicides,CN(C)c1ccccc1
,1003,OP(=O)(O)[O-],,classification_hnid_4500088,Herbicides,O=P([O-])(O)O
,1049,C1=CC=NC=C1,,classification_hnid_4500088,Herbicides,c1ccncc1
,1133,C(C(=O)O)S,,classification_hnid_4500088,Herbicides,O=C(O)CS
,1567,C(CS)O,,classification_hnid_4500088,Herbicides,OCCS
,1639,C1=NNC(=N1)N,,classification_hnid_4500088,Herbicides,Nc1ncn[nH]1
,1988,CCC1=CC=CC(=C1N(COCC)C(=O)CCl)C,,classification_hnid_4500088,Herbicides,CCOCN(C(=O)CCl)c1c(C)cccc1CC
,2140,CC(=O)NC1=C(C(=C(C(=C1I)C(=O)O)I)NC(=O)C)I,,classification_hnid_4500088,Herbicides,CC(=O)Nc1c(I)c(NC(C)=O)c(I)c(C(=O)O)c1I
,2265,CN1C=NC(=C1SC2=NC=NC3=C2NC=N3)[N+](=O)[O-],,classification_hnid_4500088,Herbicides,Cn1cnc([N+](=O)[O-])c1Sc1ncnc2nc[nH]c12
,2519,CN1C=NC2=C1C(=O)N(C(=O)N2C)C,,classification_hnid_4500088,Herbicides,Cn1c(=O)c2c(ncn2C)n(C)c1=O
,2537,CC1(C2CCC1(C(=O)C2)C)C,,classification_hnid_4500088,Herbicides,CC12CCC(CC1=O)C2(C)C
,2576,CCCC(C)(COC(=O)N)COC(=O)NC(C)C,,classification_hnid_4500088,Herbicides,CCCC(C)(COC(N)=O)COC(=O)NC(C)C
,2680,C1CC(CCC1CN)C(=O)OC2=CC=C(C=C2)CCC(=O)O,,classification_hnid_4500088,Herbicides,NCC1CCC(C(=O)Oc2ccc(CCC(=O)O)cc2)CC1
,2780,COC1=CC(=C(C=C1C(=O)NC2CCN(CC2)CC3=CC=CC=C3)Cl)N,,classification_hnid_4500088,Herbicides,COc1cc(N)c(Cl)cc1C(=O)NC1CCN(Cc2ccccc2)CC1
,3016,CN1C(=O)CN=C(C2=C1C=CC(=C2)Cl)C3=CC=CC=C3,,classification_hnid_4500088,Herbicides,CN1C(=O)CN=C(c2ccccc2)c2cc(Cl)ccc21
,3289,CCCSP(=O)(OCC)SCCC,,classification_hnid_4500088,Herbicides,CCCSP(=O)(OCC)SCCC
,3440,C1=COC(=C1)CNC2=CC(=C(C=C2C(=O)O)S(=O)(=O)N)Cl,,classification_hnid_4500088,Herbicides,NS(=O)(=O)c1cc(C(=O)O)c(NCc2ccco2)cc1Cl
,3559,C1CN(CCC1(C2=CC=C(C=C2)Cl)O)CCCC(=O)C3=CC=C(C=C3)F,,classification_hnid_4500088,Herbicides,O=C(CCCN1CCC(O)(c2ccc(Cl)cc2)CC1)c1ccc(F)cc1
,3715,CC1=C(C2=C(N1C(=O)C3=CC=C(C=C3)Cl)C=CC(=C2)OC)CC(=O)O,,classification_hnid_4500088,Herbicides,COc1ccc2c(c1)c(CC(=O)O)c(C)n2C(=O)c1ccc(Cl)cc1
,4064,CCCC(C)(COC(=O)N)COC(=O)N,,classification_hnid_4500088,Herbicides,CCCC(C)(COC(N)=O)COC(N)=O
,4510,C(C(CO[N+](=O)[O-])O[N+](=O)[O-])O[N+](=O)[O-],,classification_hnid_4500088,Herbicides,O=[N+]([O-])OCC(CO[N+](=O)[O-])O[N+](=O)[O-]
,4581,C1=CC(=CC=C1C(CN)O)O,,classification_hnid_4500088,Herbicides,NCC(O)c1ccc(O)cc1
,4610,C1CCC(C(C1)N)N,,classification_hnid_4500088,Herbicides,NC1CCCCC1N
,4756,C1=CC=C(C=C1)N=NC2=C(N=C(C=C2)N)N,,classification_hnid_4500088,Herbicides,Nc1ccc(N=Nc2ccccc2)c(N)n1
,4781,CCCCC1C(=O)N(N(C1=O)C2=CC=CC=C2)C3=CC=CC=C3,,classification_hnid_4500088,Herbicides,CCCCC1C(=O)N(c2ccccc2)N(c2ccccc2)C1=O
,4933,CCC(=O)NC1=CC(=C(C=C1)Cl)Cl,,classification_hnid_4500088,Herbicides,CCC(=O)Nc1ccc(Cl)c(Cl)c1
,4965,COC1=CC=C(C=C1)C(=O)CBr,,classification_hnid_4500088,Herbicides,COc1ccc(C(=O)CBr)cc1
